{"stats":{"minecraft:dropped":{"minecraft:wooden_pickaxe":1},"minecraft:mined":{"minecraft:oak_leaves":2,"minecraft:furnace":1,"minecraft:crafting_table":1,"minecraft:pumpkin":2,"minecraft:oak_log":4,"minecraft:blast_furnace":1,"minecraft:stone":23,"minecraft:white_bed":1},"minecraft:killed":{"minecraft:sheep":1},"minecraft:killed_by":{"minecraft:zombie":1},"minecraft:custom":{"minecraft:interact_with_crafting_table":3,"minecraft:time_since_rest":9054,"minecraft:walk_one_cm":18215,"minecraft:leave_game":3,"minecraft:walk_under_water_one_cm":382,"minecraft:mob_kills":1,"minecraft:damage_taken":415,"minecraft:play_time":34809,"minecraft:damage_dealt":89,"minecraft:jump":309,"minecraft:time_since_death":26920,"minecraft:drop":1,"minecraft:interact_with_furnace":4,"minecraft:sprint_one_cm":47125,"minecraft:open_chest":2,"minecraft:sleep_in_bed":1,"minecraft:fall_one_cm":8606,"minecraft:total_world_time":34809,"minecraft:swim_one_cm":2555,"minecraft:fly_one_cm":90316,"minecraft:walk_on_water_one_cm":1530,"minecraft:crouch_one_cm":583,"minecraft:sneak_time":184,"minecraft:deaths":1},"minecraft:picked_up":{"minecraft:oak_log":4,"minecraft:wooden_pickaxe":1,"minecraft:cobblestone":23,"minecraft:furnace":1,"minecraft:white_wool":1,"minecraft:white_bed":1,"minecraft:mutton":2,"minecraft:crafting_table":1,"minecraft:pumpkin":2,"minecraft:blast_furnace":1,"minecraft:rotten_flesh":2},"minecraft:crafted":{"minecraft:furnace":1,"minecraft:stick":8,"minecraft:wooden_pickaxe":1,"minecraft:stone_axe":1,"minecraft:oak_planks":16,"minecraft:cooked_mutton":2,"minecraft:stone_pickaxe":1,"minecraft:air":0,"minecraft:crafting_table":1},"minecraft:used":{"minecraft:stone_axe":4,"minecraft:pumpkin":5,"minecraft:carrot":4,"minecraft:cooked_mutton":1,"minecraft:crafting_table":1,"minecraft:wooden_pickaxe":3,"minecraft:furnace":1,"minecraft:stone_pickaxe":22}},"DataVersion":4325}