{"stats":{"minecraft:mined":{"minecraft:short_grass":4,"minecraft:tall_grass":2,"minecraft:wildflowers":8,"minecraft:oak_leaves":11,"minecraft:dirt":1,"minecraft:dandelion":1,"minecraft:oak_log":6,"minecraft:grass_block":1},"minecraft:picked_up":{"minecraft:dirt":2,"minecraft:oak_log":6,"minecraft:stick":1,"minecraft:dandelion":2,"minecraft:wildflowers":23},"minecraft:dropped":{"minecraft:dandelion":1},"minecraft:custom":{"minecraft:time_since_rest":10790,"minecraft:walk_one_cm":18747,"minecraft:leave_game":1,"minecraft:damage_taken":60,"minecraft:damage_dealt":55,"minecraft:play_time":10790,"minecraft:jump":150,"minecraft:time_since_death":10790,"minecraft:drop":1,"minecraft:sprint_one_cm":22171,"minecraft:fall_one_cm":4225,"minecraft:total_world_time":10790,"minecraft:fly_one_cm":34057,"minecraft:crouch_one_cm":182,"minecraft:sneak_time":71},"minecraft:crafted":{"minecraft:oak_planks":24},"minecraft:used":{"minecraft:wildflowers":23,"minecraft:dandelion":1,"minecraft:dirt":2}},"DataVersion":4325}