{"stats":{"minecraft:mined":{"minecraft:short_grass":6,"minecraft:oak_leaves":1,"minecraft:crafting_table":2,"minecraft:oak_log":6,"minecraft:wheat":2,"minecraft:hay_block":4,"minecraft:white_bed":2},"minecraft:killed":{"minecraft:chicken":1,"minecraft:sheep":5},"minecraft:custom":{"minecraft:interact_with_crafting_table":2,"minecraft:time_since_rest":1805,"minecraft:walk_one_cm":10735,"minecraft:leave_game":3,"minecraft:mob_kills":7,"minecraft:damage_taken":100,"minecraft:damage_dealt":479,"minecraft:play_time":9068,"minecraft:jump":156,"minecraft:time_since_death":9068,"minecraft:sprint_one_cm":44860,"minecraft:open_chest":2,"minecraft:sleep_in_bed":4,"minecraft:fall_one_cm":4275,"minecraft:total_world_time":9068,"minecraft:fly_one_cm":34517,"minecraft:walk_on_water_one_cm":56,"minecraft:sneak_time":30},"minecraft:picked_up":{"minecraft:oak_log":6,"minecraft:hay_block":4,"minecraft:white_wool":5,"minecraft:wheat_seeds":4,"minecraft:chicken":1,"minecraft:wheat":1,"minecraft:white_bed":2,"minecraft:mutton":7,"minecraft:crafting_table":2,"minecraft:rotten_flesh":1},"minecraft:crafted":{"minecraft:stick":4,"minecraft:white_bed":1,"minecraft:wooden_axe":1,"minecraft:wooden_pickaxe":1,"minecraft:oak_planks":24,"minecraft:crafting_table":1},"minecraft:used":{"minecraft:wooden_axe":9,"minecraft:crafting_table":2,"minecraft:white_bed":2,"minecraft:bread":2,"minecraft:white_wool":2}},"DataVersion":4325}