{"stats":{"minecraft:mined":{"minecraft:short_grass":1,"minecraft:tall_grass":2,"minecraft:dirt":1},"minecraft:picked_up":{"minecraft:dirt":1,"minecraft:dandelion":1},"minecraft:dropped":{"minecraft:dandelion":1},"minecraft:custom":{"minecraft:time_since_rest":11766,"minecraft:walk_one_cm":17083,"minecraft:leave_game":2,"minecraft:damage_taken":55,"minecraft:play_time":11766,"minecraft:damage_dealt":80,"minecraft:jump":73,"minecraft:time_since_death":11766,"minecraft:drop":1,"minecraft:sprint_one_cm":25136,"minecraft:fall_one_cm":3025,"minecraft:total_world_time":11766,"minecraft:fly_one_cm":11636,"minecraft:crouch_one_cm":577,"minecraft:sneak_time":269},"minecraft:used":{"minecraft:dirt":1}},"DataVersion":4325}