{
  "minecraft:recipes/decorations/crafting_table": {
    "criteria": {
      "unlock_right_away": "2025-06-30 22:00:19 +0000"
    },
    "done": true
  },
  "minecraft:adventure/adventuring_time": {
    "criteria": {
      "minecraft:flower_forest": "2025-06-30 22:00:20 +0000",
      "minecraft:plains": "2025-07-01 13:22:05 +0000"
    },
    "done": false
  },
  "minecraft:adventure/root": {
    "criteria": {
      "killed_by_something": "2025-07-01 13:25:35 +0000"
    },
    "done": true
  },
  "DataVersion": 4325
}